EDUCGROUP,Irregular,Regular,Fraction_Irregular
College,326,3721,0.08055349641709908
High School Graduates,770,4034,0.16028309741881766
Less than High School,402,1206,0.25
Some College,710,3542,0.1669802445907808
