RECODED_AGE,IRREG_SHIFT
16-20,0.4776315789473684
21-30,0.20080482897384305
31-40,0.13541666666666666
41-50,0.11865915158706615
51-64,0.12216673069535151
