RECODED_EDUC,0,1
College,3.07335713991866,2.7651188527822077
High School,2.532715471395859,2.358543085046731
Less than High School,2.217731738169188,2.0290748147763176
Some College,2.6509470270134696,2.3996072840709592
