OCCUPATION,IRREG_SHIFT
Cashiers,0.45643153526970953
Cooks,0.378839590443686
Registered Nurse,0.26141078838174275
Truck Drivers,0.2601880877742947
