RECODED_EDUC,IRREG_SHIFT
College,0.08542141230068337
High School,0.17914300464636035
Less than High School,0.28114478114478114
Some College,0.18212765957446808
